<?xml version="1.0" encoding="UTF-8"?>
<project-private xmlns="http://www.netbeans.org/ns/project-private/1">
    <editor-bookmarks xmlns="http://www.netbeans.org/ns/editor-bookmarks/2" lastBookmarkId="0"/>
    <open-files xmlns="http://www.netbeans.org/ns/projectui-open-files/2">
        <group>
            <file>file:/home/ignacio/Documentos/NetBeansProjects/TP_3_GUI's/src/GUI/TP4/InicioJDP.java</file>
            <file>file:/home/ignacio/Documentos/NetBeansProjects/TP_3_GUI's/src/GUI/TP4/RegistroJF.java</file>
            <file>file:/home/ignacio/Documentos/NetBeansProjects/TP_3_GUI's/src/GUI/TP4/AlumnoJF.java</file>
            <file>file:/home/ignacio/Documentos/NetBeansProjects/TP_3_GUI's/src/GUI/TP4/Alumno.java</file>
            <file>file:/home/ignacio/Documentos/NetBeansProjects/TP_3_GUI's/src/GUI/TP4/MateriaJF.java</file>
            <file>file:/home/ignacio/Documentos/NetBeansProjects/TP_3_GUI's/src/GUI/TP4/Materia.java</file>
        </group>
    </open-files>
</project-private>
